<?xml version="1.0" encoding="UTF-8"?>
<!DOCTYPE beans PUBLIC "-//SPRING//DTD BEAN//EN" "http://www.springframework.org/dtd/spring-beans.dtd">

<beans>

	<bean id="tileConfigurer" class="org.springframework.web.servlet.view.tiles.TilesConfigurer">
		<property name="definitions">
			<list>
				<value>/WEB-INF/xmlconfig/common/tilesdefinition.xml</value>
				<value>/WEB-INF/xmlconfig/scfu/tilesdefinition.xml</value>
			</list>
		</property>
	</bean>

    <bean id="propertyConfigurer" class="org.springframework.beans.factory.config.PropertyPlaceholderConfigurer">
		<property name="locations">
			<list>
				<value>WEB-INF/properties/configuration.properties</value>
			</list>
		</property>
	</bean>

	<bean id="viewResolver" class="org.springframework.web.servlet.view.InternalResourceViewResolver">
		<property name="viewClass">
			<value>org.springframework.web.servlet.view.tiles.TilesJstlView</value>
		</property>
	</bean>


	<bean id="logInHandlerMapping" class="org.springframework.web.servlet.handler.SimpleUrlHandlerMapping">
		<property name="mappings">
			<props>
				<prop key="/login.htm">logonHandler</prop>
				<prop key="/loginsubmit.htm">logonHandler</prop>
				<prop key="/gotohome.htm">logonHandler</prop>
			</props>
		</property>
		<property name="interceptors">
			<list>
				<ref bean="xssInterceptor" />
			</list>
		</property>
	</bean>

	<!-- For handling session timeout in logout -->
	<bean id="logoutHandlerMapping" class="org.springframework.web.servlet.handler.SimpleUrlHandlerMapping">
		<property name="mappings">
			<props>
				<prop key="/logout.htm">logonHandler</prop>
				<prop key="/errorpage.htm">logonHandler</prop>
				<prop key="/sessiontimeout.htm">logonHandler</prop>
				
			</props>
		</property>
	</bean>


	<bean id="dynamicLinksMapping" class="org.springframework.web.servlet.handler.SimpleUrlHandlerMapping">
		<property name="mappings">
			<props>
				<prop key="/homePage.htm">aboutSCFUHandler</prop>
				<prop key="/imfileupload.htm">fileUploadHandler</prop>
				<!-- File Authorisation starts -->
				<prop key="/authorisefiledisplay.htm">authoriseFileTxnHandler</prop>
				<!-- File Authorisation ends -->
				<!-- Vendor reports Block start -->
				<prop key="/orgtxnreport.htm">reportsHandler</prop>
				<prop key="/inttxnreport.htm">reportsHandler</prop>
				<prop key="/repaytxnreport.htm">reportsHandler</prop>
				<prop key="/vendorlimitreport.htm">reportsHandler</prop>
				<prop key="/overduetxnreport.htm">reportsHandler</prop>
				<!-- Vendor reports Block ends -->
				<!-- Profile Block start -->
				<prop key="/changepassword.htm">changePasswordHandler</prop>
				<!-- Profile Block start -->
				<!-- Generate Reverse File starts -->
				<prop key="/imgenreversefile.htm">generateReverseFileHandler</prop>
				<!-- Generate Reverse File ends -->
				<prop key="/addim.htm">manageVFIMUserHandler</prop>

			</props>
		</property>
		<property name="interceptors">
			<list>
				<ref bean="dynamicLinkInterceptor" />
				<ref bean="scfuInterceptor" />
			</list>
		</property>
	</bean>
	<bean id="dynamicLinkInterceptor" class="org.scfu.common.interceptor.DynamicLinkInterceptor" />

	<bean id="scfuLinkMapping" class="org.springframework.web.servlet.handler.SimpleUrlHandlerMapping">
		<property name="mappings">
			<props>
				<prop key="/uploadfileconfirm.htm">fileUploadHandler</prop>
				<prop key="/fileviewstatus.htm">fileUploadHandler</prop>
				<prop key="/fileviewstatusdetail.htm">fileUploadHandler</prop>
				
				<!-- File Authorisation starts -->
				<prop key="/viewauthorisefiledetails.htm">authoriseFileTxnHandler</prop>
				<prop key="/txnauthoriseconfirm.htm">authoriseFileTxnHandler</prop>
				<prop key="/txnrejectconfirm.htm">authoriseFileTxnHandler</prop>
				<!-- File Authorisation ends -->

				<!-- Vendor reports Block start -->
				<prop key="/vendordetailsreport.htm">reportsHandler</prop>
				<prop key="/vendorreportsview.htm">reportsHandler</prop>

 			  <prop key="/vendorinterestreportsview.htm">reportsHandler</prop>
				<!-- <prop key="/vendorintrestprint.htm">reportsHandler</prop> -->
				<prop key="/vendorreversereportsview.htm">reportsHandler</prop>
				<prop key="/vendorlimitreportsview.htm">reportsHandler</prop>
				<prop key="/vendoroverduereportsview.htm">reportsHandler</prop>
				<!-- Vendor reports Block ends -->

				<!-- Generate Reverse File starts -->
				<prop key="imgeneratereversefiledisplay.htm">generateReverseFileHandler</prop>
				<prop key="imgeneratereversefiledetails.htm">generateReverseFileHandler</prop>
				<!-- Generate Reverse File ends -->
				<!-- First time Log In Block start -->
				<prop key="/firstTimeLogIn.htm">aboutSCFUHandler</prop>
				<prop key="/firstloginsubmit.htm">logonHandler</prop>
				<!-- First time Log In Block ends -->
				<!-- Profile Block start -->
				<prop key="/changepasswordsubmit.htm">changePasswordHandler</prop>
				<!-- Profile Block end -->
				<prop key="/addvfimuserconfirm.htm">manageVFIMUserHandler</prop>
				
                <prop key="/searchQuery.htm">aboutSCFUHandler</prop>
                 <prop key="/searchQueryResult.htm">searchQueryHandler</prop>
               
			</props>
		</property>
		<property name="interceptors">
			<list>
				<ref bean="scfuInterceptor" />
				<ref bean="xssInterceptor" />
			</list>
		</property>
	</bean>


   
   
  <bean id ="popupWindowHandlerMapping" class= "org.springframework.web.servlet.handler.SimpleUrlHandlerMapping">
	 <property name="mappings">
	 	<props>
               <prop key="/vendorintrestprint.htm">reportsHandler</prop>
               <prop key="/vendorlimitprint.htm">reportsHandler</prop>
               <prop key="/vendorreverseprint.htm">reportsHandler</prop>
               <prop key="/vendorconsignprint.htm">reportsHandler</prop>
               <prop key="/vendoroverdueprint.htm">reportsHandler</prop>
	 	</props>
	 </property>
	  <property name="interceptors">
	 	<list>
	 		<ref bean="popupInterceptor"/>
	 	</list>
	 </property> 
</bean>


	<!--For First Login DWR Block Start -->
	<bean id="vendorTxnUtils" class="org.scfu.vf.utils.VendorTxnUtils">
		<property name="loginDAO">
			<ref bean="loginDAO" />
		</property>
	</bean>
	<!--For First Login DWR Block ends -->


  <!-- Added for Script Injection Error -->
	<bean id="xssHandlerMapping" class="org.springframework.web.servlet.handler.SimpleUrlHandlerMapping">
		<property name="mappings">
			<props>
				<prop key="/xsserror.htm">xssErrorHandler</prop>
			</props>
		</property>
	</bean>
	<bean id="scfuInterceptor" class="org.scfu.common.interceptor.SCFUInterceptor" />
	<bean id="xssInterceptor" class="org.scfu.common.interceptor.XSSInterceptor" />
	<bean id="popupInterceptor" class="org.scfu.common.interceptor.PopupInterceptor" />

</beans>
