[
  {
    "id": 1,
    "uuid": "qa-test-user",
    "name": "Test User",
    "address": "1 Main St",
    "eligibleDiscounts": [
      {
        "discountId": "10-percent-off",
        "type": "PERCENT",
        "description": "Reduce the purchase price by 10%",
        "amount": 10
      },
      {
        "discountId": "20-percent-off",
        "type": "PERCENT",
        "description": "Reduce the purchase price by 20%",
        "amount": 20
      },
      {
        "discountId": "25-percent-off",
        "type": "PERCENT",
        "description": "Reduce the purchase price by 25%",
        "amount": 25
      },
      {
        "discountId": "30-percent-off",
        "type": "PERCENT",
        "description": "Reduce the purchase price by 30%",
        "amount": 30
      },
      {
        "discountId": "5-dollars-off",
        "type": "AMOUNT",
        "description": "Reduce the purchase price by $5",
        "amount": 5,
        "productId": "sku-1234567890"
      },
      {
        "discountId": "10-dollars-off",
        "type": "AMOUNT",
        "description": "Reduce the purchase price by $10",
        "amount": 10,
        "productId": "sku-1234567891"
      },
      {
        "discountId": "15-dollars-off",
        "type": "AMOUNT",
        "description": "Reduce the purchase price by $15",
        "amount": 15,
        "productId": "sku-1234567892"
      },
      {
        "discountId": "20-dollars-off",
        "type": "AMOUNT",
        "description": "Reduce the purchase price by $20",
        "amount": 20,
        "productId": "sku-1234567893"
      },
      {
        "discountId": "25-dollars-off",
        "type": "AMOUNT",
        "description": "Reduce the purchase price by $25",
        "amount": 25,
        "productId": "sku-1234567894"
      },
      {
        "discountId": "30-dollars-off",
        "type": "AMOUNT",
        "description": "Reduce the purchase price by $30",
        "amount": 30,
        "productId": "sku-1234567895"
      },
      {
        "discountId": "40-dollars-off",
        "type": "AMOUNT",
        "description": "Reduce the purchase price by $40",
        "amount": 40,
        "productId": "sku-1234567896"
      }
    ],
    "products": [
      {
        "productId": "sku-1234567890",
        "description": "12 month subscription to 'Horse and Hound'",
        "originalPrice": 100,
        "discountInformation": {
          "discountId": "50-percent-off",
          "type": "PERCENT",
          "description": "Reduce the purchase price by 50%",
          "amount": 50,
          "productId": "sku-1234567890"
        }
      },
      {
        "productId": "sku-1234567891",
        "description": "Game of Thrones",
        "originalPrice": 150,
        "discountInformation": {
          "discountId": "10-percent-off",
          "type": "PERCENT",
          "description": "Reduce the purchase price by 10%",
          "amount": 10
        }
      },
      {
        "productId": "sku-1234567892",
        "description": "The Dark Knight",
        "originalPrice": 195,
        "discountInformation": {
          "discountId": "15-dollars-off",
          "type": "AMOUNT",
          "description": "Reduce the purchase price by $15",
          "amount": 15,
          "productId": "sku-1234567892"
        }
      },
      {
        "productId": "sku-1234567893",
        "description": "The Avengers",
        "originalPrice": 200,
        "discountInformation": {
          "discountId": "20-percent-off",
          "type": "PERCENT",
          "description": "Reduce the purchase price by 20%",
          "amount": 20
        }
      },
      {
        "productId": "sku-1234567894",
        "description": "Lord of the Rings - Trilogy",
        "originalPrice": 250,
        "discountInformation": {
          "discountId": "25-dollars-off",
          "type": "AMOUNT",
          "description": "Reduce the purchase price by $25",
          "amount": 25,
          "productId": "sku-1234567894"
        }
      },
      {
        "productId": "sku-1234567895",
        "description": "INCEPTION",
        "originalPrice": 400,
        "discountInformation": {
          "discountId": "30-dollars-off",
          "type": "AMOUNT",
          "description": "Reduce the purchase price by $30",
          "amount": 30,
          "productId": "sku-1234567895"
        }
      },
      {
        "productId": "sku-1234567896",
        "description": "Bahubali - Beginning and Conclusion",
        "originalPrice": 500,
        "discountInformation": {
          "discountId": "25-percent-off",
          "type": "PERCENT",
          "description": "Reduce the purchase price by 25%",
          "amount": 25
        }
      },
      {
        "productId": "sku-1234567897",
        "description": "IRONMAN Trilogy",
        "originalPrice": 400,
        "discountInformation": {
          "discountId": "25-percent-off",
          "type": "PERCENT",
          "description": "Reduce the purchase price by 25%",
          "amount": 25
        }
      },
      {
        "productId": "sku-1234567898",
        "description": "Jurassic World",
        "originalPrice": 1000,
        "discountInformation": {
          "discountId": "10-percent-off",
          "type": "PERCENT",
          "description": "Reduce the purchase price by 10%",
          "amount": 10
        }
      },
      {
        "productId": "sku-1234567899",
        "description": "Captain America - Winter Soldier",
        "originalPrice": 600,
        "discountInformation": {
          "discountId": "30-percent-off",
          "type": "PERCENT",
          "description": "Reduce the purchase price by 30%",
          "amount": 30
        }
      }
    ]
  }
]