<?xml version="1.0" encoding="UTF-8"?>
<!DOCTYPE beans PUBLIC "-//SPRING//DTD BEAN//EN" "http://www.springframework.org/dtd/spring-beans.dtd">
<beans>
	<!--Database Connection starts-->
	<bean id="dataSource" class="org.springframework.jndi.JndiObjectFactoryBean">
		<property name="jndiName">
			<value>${jndiName}</value>
		</property>
		<property name="resourceRef">
			<value>true</value>
		</property>
	</bean>
	
	<bean id="transactionManager" class="org.springframework.jdbc.datasource.DataSourceTransactionManager">
		<property name="dataSource">
			<ref bean="dataSource" />
		</property>
	</bean>

	<bean id="transactionTemplate" class="org.springframework.transaction.support.TransactionTemplate">
		<property name="transactionManager">
			<ref bean="transactionManager" />
		</property>
	</bean>
	<!--Database Connection Ends-->
	
	<!--Login Flow Starts-->
	<bean id="loginDAO" class="org.scfu.common.dao.LoginDAOImpl" >
		<property name="dataSource" ref="dataSource" />
		<property name="passwordValidator">
			<ref bean="passwordValidator" />
		</property>
	</bean>
	<!--Login Flow Ends-->
	
	<!--Dynamic Link Starts-->
	<bean id="linkDAOImpl" class="org.scfu.common.dao.LinkDAOImpl" >
		<property name="dataSource" ref="dataSource" />
	</bean>
	<!--Dynamic Link Ends-->
	
	<!--Login User Starts-->
	<bean id="userDAOImpl" class="org.scfu.common.dao.UserDAOImpl" >
		<property name="dataSource" ref="dataSource" />
	</bean>
	<!--Login User Ends-->
</beans>