<?xml version="1.0" encoding="UTF-8"?>
<!DOCTYPE beans PUBLIC "-//SPRING//DTD BEAN//EN" "http://www.springframework.org/dtd/spring-beans.dtd">
<beans>
	<!--Login flow Starts -->
	<bean id="logonHandler" class="org.scfu.common.handler.LogonHandler" >
		<property name="methodNameResolver" ref="logOnResolver" />
		<property name="rndString" ref="rndString" />
		<property name="logonService" ref="logonService" />
		<property name="userRoles">
			<value>${userRoles}</value>
		</property>
		<property name="moduleName">
			<value>${moduleName}</value>
		</property>
		<property name="linkUtil" ref="linkUtil" />
		<property name="homePageUrl">
			<value>${homePageUrl}</value>
		</property>
		<property name="firstTimeLogInURL">
			<value>${firstTimeLogInURL}</value>
		</property>
		<property name="searchQuery"><!-- searchQuery method begins -->
			<value>${searchQuery}</value>
		</property>
		<property name="firstLogonService" ref="firstLogonService" />
	</bean>
	
	<bean id="logOnResolver" class="org.springframework.web.servlet.mvc.multiaction.PropertiesMethodNameResolver">
		<property name="mappings">
			<props>
				<prop key="/login.htm">logInDisplay</prop>
				<prop key="/loginsubmit.htm">logInSubmit</prop>
				<prop key="/firstloginsubmit.htm">firstLogInSubmit</prop>
				<prop key="/logout.htm">logOutHandler</prop>
				<prop key="/sessiontimeout.htm">sessionTimeOut</prop>
				<prop key="/gotohome.htm">goToHome</prop>
				<prop key="/errorpage.htm">navigateFail</prop>
			</props>
		</property>
	</bean>
	<!--Login flow Ends -->
	
	<!--About SCFU Starts -->	
	<bean id="aboutSCFUHandler" class="org.scfu.common.handler.AboutSCFUHandler">
		<property name="methodNameResolver" ref="aboutSCFUResolver" />
	</bean>
	
	<bean id="aboutSCFUResolver" class="org.springframework.web.servlet.mvc.multiaction.PropertiesMethodNameResolver">
		<property name="mappings">
			<props>
				<prop key="/homePage.htm">displayHomePage</prop>
				<prop key="/firstTimeLogIn.htm">displayFirstTimeLogInPage</prop>
				<prop key="/searchQuery.htm">searchQueryDisplay</prop><!-- searchQuery method begins -->
			</props>
		</property>
	</bean>
	<!--About SCFU Ends -->	
		
	<!--Change password Starts -->	
	<bean id="changePasswordHandler" class="org.scfu.common.handler.ChangePasswordHandler">
		<property name="methodNameResolver" ref="changePasswordResolver" />
		<property name="changePasswordService" ref="changePasswordService" />
	</bean>
	
	<bean id="changePasswordResolver" class="org.springframework.web.servlet.mvc.multiaction.PropertiesMethodNameResolver">
		<property name="mappings">
			<props>
				<prop key="/changepassword.htm">changePasswordDisplay</prop>
				<prop key="/changepasswordsubmit.htm">changePasswordSubmit</prop>
			</props>
		</property>
	</bean>
	<!--Change password Ends -->
	
	<!--XSS Error Handling Starts -->
	<bean id="xssErrorHandler" class="org.scfu.common.handler.XSSErrorHandler">
		<property name="xssErrorProperties">
			<ref bean="xssErrorProperties" />
		</property>
	</bean>

	<bean id="xssErrorProperties" class="org.springframework.context.support.ResourceBundleMessageSource">
		<property name="basename" value="WEB-INF/properties/xssErrorPages" />
	</bean>
	<!--XSS Error Handling Ends -->
</beans>