<?xml version="1.0" encoding="UTF-8"?>
<!DOCTYPE beans PUBLIC "-//SPRING//DTD BEAN//EN" "http://www.springframework.org/dtd/spring-beans.dtd">
<beans>
	<bean id="logonService" class="org.scfu.common.service.LogonService" >
		<property name="logonBp">
			<ref bean="logonBp" />
		</property>
		<property name="userDAOImpl">
			<ref bean="userDAOImpl" />
		</property>
		<property name="loginDAO">
			<ref bean="loginDAO" />
		</property>
		<property name="multipleLoginFlag">
			<value>${multipleLogin}</value>
		</property>
	</bean>
	<!-- First Time logon Block Starts -->
	<bean id="firstLogonService" class="org.scfu.common.service.FirstLogonService" >
		<property name="loginDAO">
			<ref bean="loginDAO" />
		</property>
	</bean>
	<!-- First Time logon Block Ends -->

	<!-- Change Password Block Starts -->
	<bean id="changePasswordService" class="org.scfu.common.service.ChangePasswordService">
		<property name="loginDAO">
			<ref bean="loginDAO" />
		</property>
	</bean>
	<!-- Change Password Block Ends -->
</beans>