<?xml version="1.0" encoding="ISO-8859-1" ?>
<!DOCTYPE tiles-definitions PUBLIC   "-//Apache Software Foundation//DTD Tiles Configuration 1.1//EN"
  "http://www.springframework.org/dtd/spring-beans.dtd">
  <tiles-definitions>
      <definition name="loginDisplay" path="/WEB-INF/jsp/common/logon.jsp"/>
	
	<!--mainLayout2 for page without side links -->
	<definition name="mainLayout2" path="/WEB-INF/jsp/common/homewithoutsidelink.jsp">
		<put name="header" value="/WEB-INF/jsp/common/header.jsp" />
		<put name="bodyHeader" value="" />
		<put name="body" value="" />
		<put name="footer" value="/WEB-INF/jsp/common/footer.jsp" />
	</definition>
	
	<definition name="mainLayout4" path="/WEB-INF/jsp/common/homewithoutsidelink.jsp">
		<put name="header" value="/WEB-INF/jsp/common/headerwithoutusername.jsp" />
		<put name="bodyHeader" value="" />
		<put name="body" value="" />
		<put name="footer" value="/WEB-INF/jsp/common/footer.jsp" />
	</definition>
	
	<definition name="aboutSCFUPage" extends="mainLayout2">
		<put name="body" value="/WEB-INF/jsp/common/aboutscfupage.jsp" />
	</definition>
	
<!-- searchQuery begins-->
	<definition name="finalsearchpage" path="/WEB-INF/jsp/common/searchquery.jsp" />

			       
    <definition name="mainLayout" path="/WEB-INF/jsp/common/home.jsp">
		<put name="header" value="/WEB-INF/jsp/common/header.jsp" />
		<put name="sideLink" value="/WEB-INF/jsp/common/sidelink.jsp" />
		<put name="bodyHeader" value="" />
		<put name="body" value="" />
		<put name="footer" value="/WEB-INF/jsp/common/footer.jsp" />
	</definition>
		<definition name="sessionTimeOut" extends="mainLayout4">
		<put name="body" value="/WEB-INF/jsp/common/sessiontimeout.jsp" />
	</definition>
	
	<definition name="mainLayout3" path="/WEB-INF/jsp/common/homewithoutsidelink.jsp">
		<put name="header" value="/WEB-INF/jsp/common/headerwithouttabs.jsp" />
		<put name="bodyHeader" value="" />
		<put name="body" value="" />
		<put name="footer" value="/WEB-INF/jsp/common/footer.jsp" />
	</definition>
	
	<!--Profile Block Starts  -->
	<definition name="changePasswordDisplay" extends="mainLayout">
	<put name="bodyHeader" value="/WEB-INF/jsp/common/profileheader.jsp" />
		<put name="body" value="/WEB-INF/jsp/common/changepasswordpage.jsp" />
	</definition>
	
	<definition name="changePasswordSuccess" extends="mainLayout">
		<put name="bodyHeader" value="/WEB-INF/jsp/common/profileheader.jsp" />
		<put name="body" value="/WEB-INF/jsp/common/changepasswordsuccess.jsp" />
	</definition>
	
	<definition name="xssChangePasswordErrorPage" extends="mainLayout">
	    <put name="bodyHeader" value="/WEB-INF/jsp/common/profileheader.jsp" />
		<put name="body" value="/WEB-INF/jsp/common/error.jsp" />
	</definition>
	<!--Profile Block Starts  -->
	
		
	<definition name="xssLoginErrorPage" extends="mainLayout4">
		<put name="body" value="/WEB-INF/jsp/common/error.jsp" />
	</definition>
	
	<definition name="commonErrorLayout" path="/WEB-INF/jsp/common/errorPage.jsp"/>
	
		<definition name="logout" path="/WEB-INF/jsp/common/logout.jsp" />
		<!--First Time LogIn Block Starts  -->
	
	<definition name="firstTimeLogInPage" extends="mainLayout3">
		<put name="body" value="/WEB-INF/jsp/common/firstTimeLogInPage.jsp" />
	</definition>
	<definition name="firstLogInSuccess" extends="mainLayout3">
		<put name="body" value="/WEB-INF/jsp/common/firstloginsuccess.jsp" />
	</definition>
	
	<!--First Time LogIn Block Ends   -->
</tiles-definitions>
	