<?xml version="1.0" encoding="UTF-8"?>
<!DOCTYPE beans PUBLIC "-//SPRING//DTD BEAN//EN" "http://www.springframework.org/dtd/spring-beans.dtd">
<beans>

	<!--Password Validation Starts -->
	<bean id="rndString" class="org.scfu.common.utils.RndString" />

	<bean id="passwordValidator" class="org.scfu.authentication.utils.PasswordValidator">
		<property name="sha512Hashing">
			<ref bean="sha512Hashing" />
		</property>
	</bean>
	
	<bean id="sha512Hashing" class="org.scfu.authentication.algorithm.Sha512Hashing" />
	<!--Password Validation Ends -->
	
	<!--Error Display Starts -->
	<bean id="errorMessage" class="org.springframework.context.support.ResourceBundleMessageSource">
		<property name="basename" value="WEB-INF/properties/errorMessage" />
	</bean>
	<!--Error Display Ends -->

	<!--Dynamic Link Starts-->
	<bean id="linkUtil" class="org.scfu.common.utils.LinkUtil">
		<property name="linkDAOImpl">
			<ref bean="linkDAOImpl" />
		</property>
	</bean>
	<!--Dynamic Link Ends-->
</beans>
	
