<?xml version="1.0" encoding="UTF-8"?>
<!DOCTYPE beans PUBLIC "-//SPRING//DTD BEAN//EN" "http://www.springframework.org/dtd/spring-beans.dtd">
<beans>


	<!--Manage IM Maker/Checker Starts -->
	<bean id="vfIMUserDAOImpl" class="org.scfu.vf.dao.VFIMUserDAOImpl">
		<property name="dataSource" ref="dataSource" />
	</bean>
	<!--Manage IM Maker/Checker Ends -->
	
	<!--File Upload Starts-->
	<bean id="uploadFileDAOImpl" class="org.scfu.vf.dao.UploadFileDAOImpl" >
		<property name="dataSource" ref="dataSource" />
	</bean>
	<!--File Upload Ends-->

	<!--View File Upload Status Starts-->
	<bean id="viewTransactionDetailsDAOImpl" class="org.scfu.vf.dao.ViewTransactionDetailsDAOImpl">
		<property name="dataSource" ref="dataSource" />
	</bean>
	<!--View File Upload Status Ends-->

	<!--Authorisation Starts-->
	<bean id="authoriseFileTxnDAOImpl" class="org.scfu.vf.dao.AuthoriseFileTxnDAOImpl">
		<property name="dataSource" ref="dataSource" />
	</bean>
	<!--Authorisation Ends-->
	
	<!--Report Starts-->
	<bean id="reportDAOImpl" class="org.scfu.vf.dao.ReportDAOImpl">
		<property name="dataSource" ref="dataSource" />
	</bean>
	<!--Report Ends-->
	
	<!--Reverse File Starts-->
	<bean id="generateReverseFileDAOImpl" class="org.scfu.vf.dao.GenerateReverseFileDAOImpl">
		<property name="dataSource" ref="dataSource" />
	</bean>
	<!--Reverse File Ends-->
	
	<!--Manage IM Maker/Checker Starts -->
 	<bean id="searchQueryDAO" class="org.scfu.uatsearch.dao.SearchQueryDAOImpl">
		<property name="dataSource" ref="dataSource" />
	</bean>
	<!--Manage IM Maker/Checker ends -->
 
</beans>

