<?xml version="1.0" encoding="UTF-8"?>
<!DOCTYPE beans PUBLIC "-//SPRING//DTD BEAN//EN" "http://www.springframework.org/dtd/spring-beans.dtd">
<beans>


	<!--Manage IM Maker/Checker Block Starts -->
	<bean id="manageVFIMUserHandler" class="org.scfu.vf.handler.ManageVFIMUserHandler" >
		<property name="methodNameResolver" ref="addvfimuserResolver" />
		<property name="rndString" ref="rndString" />
		<property name="addVFIMUserService" ref="addVFIMUserService" />
	</bean>
	<bean id="addvfimuserResolver" class="org.springframework.web.servlet.mvc.multiaction.PropertiesMethodNameResolver">
		<property name="mappings">
			<props>
				<prop key="/addim.htm">displayaddVFIMUser</prop>
				<prop key="/addvfimuserconfirm.htm">addVFIMUserConfirm</prop>
			</props>
		</property>
	</bean>
	<!--Manage IM Maker/Checker Block Ends -->

	<!-- IM Maker File Upload Block Starts -->
	<bean id="fileUploadHandler" class="org.scfu.vf.handler.FileUploadHandler">
		<property name="methodNameResolver" ref="fileUploadResolver" />
		<property name="fileUploadConfirmService" ref="fileUploadConfirmService" />
		<property name="viewTransactionDetailsService" ref="viewTransactionDetailsService" />
		<property name="viewFileDetailsService" ref="viewFileDetailsService" />
	</bean>
	<bean id="fileUploadResolver" class="org.springframework.web.servlet.mvc.multiaction.PropertiesMethodNameResolver">
		<property name="mappings">
			<props>
				<prop key="/imfileupload.htm">fileUploadDisplay</prop>
				<prop key="/uploadfileconfirm.htm">fileUploadConfirm</prop>
				<prop key="/fileviewstatus.htm">viewTransactionDetails</prop>
				<prop key="/fileviewstatusdetail.htm">viewFileDetails</prop>
			</props>
		</property>
	</bean>
	
	<bean id="multipartResolver" class="org.springframework.web.multipart.commons.CommonsMultipartResolver" />
	<!-- File Authorisation starts -->
	<bean id="authoriseFileTxnHandler" class="org.scfu.vf.handler.AuthoriseFileTxnHandler">
		<property name="methodNameResolver" ref="authorisationFileTxnResolver" />
		<property name="displayFileTxnService" ref="displayFileTxnService" />
		<property name="viewTxnFileDetailsService" ref="viewTxnFileDetailsService" />
		<property name="viewTxnCountDetailsService" ref="viewTxnCountDetailsService" />
		<property name="confirmAuthoriseFileDetailsService" ref="confirmAuthoriseFileDetailsService" />
		<property name="confirmRejectFileDetailsService" ref="confirmRejectFileDetailsService" />
	</bean>
	<!-- IM Maker File Upload Block Ends -->
	
	<!-- IM Checker Authorisation Starts -->
	<bean id="authorisationFileTxnResolver" class="org.springframework.web.servlet.mvc.multiaction.PropertiesMethodNameResolver">
		<property name="mappings">
			<props>
				<prop key="/authorisefiledisplay.htm">displayAuthorisationFile</prop>
				<prop key="/viewauthorisefiledetails.htm">viewAuthorisationFileDetails</prop>
				<prop key="/txnauthoriseconfirm.htm">confirmAuthorisationFileDetails</prop>
				<prop key="/txnrejectconfirm.htm">confirmRejectionFileDetails</prop>
			</props>
		</property>
	</bean>
	<!-- IM Checker Authorisation Ends -->
	
	<!-- Reports Starts -->
	<bean id="reportsHandler" class="org.scfu.vf.handler.ReportsHandler">
		<property name="methodNameResolver" ref="reportsResolver" />
		<property name="imReportService" ref="imReportService" />
		<property name="viewVendorDetailsService" ref="viewVendorDetailsService" />
		<property name="vendorReportConvertorFactory" ref="vendorReportConvertorFactory" />
		<property name="vendorInterestReportConvertorFactory" ref="vendorInterestReportConvertorFactory" />
		<property name="vendorReverseReportConvertorFactory" ref="vendorReverseReportConvertorFactory" />
		<property name="vendorLimitReportConvertorFactory" ref="vendorLimitReportConvertorFactory" />
		<property name="vendorOverdueReportConvertorFactory" ref="vendorOverdueReportConvertorFactory" />
		<property name="fileSaveUrl">
			<value>${fileSaveUrl}</value>
		</property>
	</bean>

	<bean id="reportsResolver" class="org.springframework.web.servlet.mvc.multiaction.PropertiesMethodNameResolver">
		<property name="mappings">
			<props>
				<prop key="/orgtxnreport.htm">vendorReport</prop>
				<prop key="/inttxnreport.htm">vendorReport</prop>
				<prop key="/repaytxnreport.htm">vendorReport</prop>
				<prop key="/vendorlimitreport.htm">vendorReport</prop>
				<prop key="/overduetxnreport.htm">vendorReport</prop>
				<prop key="/vendordetailsreport.htm">viewVendorDetails</prop>
				<prop key="/vendorreportsview.htm">vendorReportDownload</prop>
				<prop key="/vendorconsignprint.htm">vendorConsignmentwiseReport</prop>
				<prop key="/vendorinterestreportsview.htm">vendorIntrestReportDownload</prop>
				<prop key="/vendorintrestprint.htm">vendorIntrestwiseReport</prop>
				<prop key="/vendorreversereportsview.htm">vendorReverseReportDownload</prop>
				<prop key="/vendorreverseprint.htm">vendorReversewiseReport</prop>
				<prop key="/vendorlimitreportsview.htm">vendorLimitReportDownload</prop>
				<prop key="/vendorlimitprint.htm">vendorLimitwiseReport</prop>
				<prop key="/vendoroverduereportsview.htm">vendorOverdueReportDownload</prop>
				<prop key="/vendoroverdueprint.htm">vendorOverduewiseReport</prop>
			</props>
		</property>
	</bean>
	<!-- Reports Ends -->

	<!-- Generate Reverse File starts -->
	<bean id="generateReverseFileHandler" class="org.scfu.vf.handler.GenerateReverseFileHandler">
		<property name="methodNameResolver" ref="generateReverseFileResolver" />
		<property name="generateReverseFileDisplayService" ref="generateReverseFileDisplayService" />
		<property name="generateReverseFileDetailsService" ref="generateReverseFileDetailsService" />
		<property name="fileConverter" ref="fileConverter" />
		<property name="reverseFileSaveUrl">
			<value>${reverseFileSaveUrl}</value>
		</property>
	</bean>
	
	<bean id="generateReverseFileResolver" class="org.springframework.web.servlet.mvc.multiaction.PropertiesMethodNameResolver">
		<property name="mappings">
			<props>
				<prop key="/imgenreversefile.htm">getDateRange</prop>
				<prop key="/imgeneratereversefiledisplay.htm">displayGenerateReverseFile</prop>
				<prop key="/imgeneratereversefiledetails.htm">generateReverseFile</prop>
			</props>
		</property>
	</bean>
	<!-- Generate Reverse File Ends -->
	
	<!--Search Query Starts -->
	 <bean id="searchQueryHandler" class="org.scfu.uatsearch.handler.SearchQueryHandler" >
		<property name="methodNameResolver" ref="searchResolver" />
		  <property name="searchQueryyService" ref="searchQueryyService" />  
	</bean>
	
	<bean id="searchResolver" class="org.springframework.web.servlet.mvc.multiaction.PropertiesMethodNameResolver">
		<property name="mappings">
			<props>
				<prop key="/searchQueryResult.htm">searchQuery</prop>
			</props>
		</property>
	</bean> 
	<!--Search Query Block Ends -->
	
</beans>
