<?xml version="1.0" encoding="UTF-8"?>
<!DOCTYPE beans PUBLIC "-//SPRING//DTD BEAN//EN" "http://www.springframework.org/dtd/spring-beans.dtd">
<beans>

 
	<!-- Manage IM Maker/Checker Starts -->
	<bean id="addVFIMUserService" class="org.scfu.vf.service.AddVFIMUserService" >
		<property name="vfIMUserDAOImpl">
			<ref bean="vfIMUserDAOImpl" />
		</property>
		<property name="sha512Hashing">
			<ref bean="sha512Hashing" />
		</property>
	</bean>
	<!-- Manage IM Maker/Checker Ends -->

	<!-- File Upload Starts -->
	<bean id="fileUploadConfirmService" class="org.scfu.vf.service.FileUploadConfirmService" >
		<property name="vendorUploadFilePath">
			<value>${vendorUploadFilePath}</value>
		</property>
		<property name="uploadFileDAOImpl">
			<ref bean="uploadFileDAOImpl" />
		</property>
	</bean>
	<!-- File Upload Ends -->

	<!-- View File Upload Status Starts -->
	<bean id="viewTransactionDetailsService" class="org.scfu.vf.service.ViewTransactionDetailsService"
		singleton="false">
		<property name="viewTransactionDetailsDAOImpl">
			<ref bean="viewTransactionDetailsDAOImpl" />
		</property>
	</bean>
	
	<bean id="viewFileDetailsService" class="org.scfu.vf.service.ViewFileDetailsService" >
		<property name="viewTransactionDetailsDAOImpl">
			<ref bean="viewTransactionDetailsDAOImpl" />
		</property>
	</bean>
	<!-- View File Upload Status Ends -->
	
	<!-- File Authorisation Starts -->
	<bean id="displayFileTxnService" class="org.scfu.vf.service.DisplayFileTxnService" >
		<property name="authoriseFileTxnDAOImpl">
			<ref bean="authoriseFileTxnDAOImpl" />
		</property>
	</bean>

	<bean id="viewTxnFileDetailsService" class="org.scfu.vf.service.ViewTxnFileDetailsService" >
		<property name="authoriseFileTxnDAOImpl">
			<ref bean="authoriseFileTxnDAOImpl" />
		</property>
	</bean>

	<bean id="viewTxnCountDetailsService" class="org.scfu.vf.service.ViewTxnCountDetailsService" >
		<property name="authoriseFileTxnDAOImpl">
			<ref bean="authoriseFileTxnDAOImpl" />
		</property>
	</bean>

	<bean id="confirmAuthoriseFileDetailsService" class="org.scfu.vf.service.ConfirmAuthFileDetailsService" >
		<property name="authoriseFileTxnDAOImpl">
			<ref bean="authoriseFileTxnDAOImpl" />
		</property>
		<property name="authorisationBP">
			<ref bean="authorisationBP" />
		</property>
	</bean>

	<bean id="confirmRejectFileDetailsService" class="org.scfu.vf.service.ConfirmRejectFileDetailsService" >
		<property name="authoriseFileTxnDAOImpl">
			<ref bean="authoriseFileTxnDAOImpl" />
		</property>
	</bean>
	<!-- File Authorisation Ends -->

	<!-- Report Starts -->
	<bean id="imReportService" class="org.scfu.vf.service.IMReportService" >
		<property name="reportDAOImpl">
			<ref bean="reportDAOImpl" />
		</property>
	</bean>

	<bean id="viewVendorDetailsService" class="org.scfu.vf.service.ViewVendorDetailsService" >
		<property name="reportDAOImpl">
			<ref bean="reportDAOImpl" />
		</property>
	</bean>

	<bean id="vendorReportConvertorFactory" class="org.scfu.vf.utils.VendorReportConvertorFactory" >
		<property name="consignmentReportConvertor">
			<ref bean="consignmentReportConvertor" />
		</property>
	</bean>

	<bean id="consignmentReportConvertor" class="org.scfu.vf.converter.ConsignmentReportConvertor" >
		<property name="fileSaveUrl">
			<value>${fileSaveUrl}</value>
		</property>
		<property name="imagesFolder">
			<value>${imagesFolder}</value>
		</property>
	</bean>

	<bean id="vendorInterestReportConvertorFactory" class="org.scfu.vf.utils.VendorInterestReportConvertorFactory" >
		<property name="consignmentInterestReportConvertor">
			<ref bean="consignmentInterestReportConvertor" />
		</property>
	</bean>

	<bean id="consignmentInterestReportConvertor" class="org.scfu.vf.converter.ConsignmentInterestReportConvertor"
		singleton="false">
		<property name="fileSaveUrl">
			<value>${fileSaveUrl}</value>
		</property>
		<property name="imagesFolder">
			<value>${imagesFolder}</value>
		</property>
	</bean>

	<bean id="vendorReverseReportConvertorFactory" class="org.scfu.vf.utils.VendorReverseReportConvertorFactory"
		singleton="false">
		<property name="consignmentReverseReportConvertor">
			<ref bean="consignmentReverseReportConvertor" />
		</property>
	</bean>

	<bean id="consignmentReverseReportConvertor" class="org.scfu.vf.converter.ConsignmentReverseReportConvertor">
		<property name="fileSaveUrl">
			<value>${fileSaveUrl}</value>
		</property>
		<property name="imagesFolder">
			<value>${imagesFolder}</value>
		</property>
	</bean>
		<bean id="vendorOverdueReportConvertorFactory" class="org.scfu.vf.utils.VendorOverdueReportConvertorFactory"
		singleton="false">
		<property name="consignmentOverdueReportConvertor">
			<ref bean="consignmentOverdueReportConvertor" />
		</property>
	</bean>

	<bean id="consignmentOverdueReportConvertor" class="org.scfu.vf.converter.ConsignmentOverdueReportConvertor">
		<property name="fileSaveUrl">
			<value>${fileSaveUrl}</value>
		</property>
		<property name="imagesFolder">
			<value>${imagesFolder}</value>
		</property>
	</bean>

	<bean id="vendorLimitReportConvertorFactory" class="org.scfu.vf.utils.VendorLimitReportConvertorFactory" >
		<property name="consignmentLimitReportConvertor">
			<ref bean="consignmentLimitReportConvertor" />
		</property>
	</bean>

	<bean id="consignmentLimitReportConvertor" class="org.scfu.vf.converter.ConsignmentLimitReportConvertor">
		<property name="fileSaveUrl">
			<value>${fileSaveUrl}</value>
		</property>
		<property name="imagesFolder">
			<value>${imagesFolder}</value>
		</property>
	</bean>
	<!-- Report Ends -->
	
	<!-- Generate Reverse File starts -->
	<bean id="generateReverseFileDisplayService" class="org.scfu.vf.service.GenerateReverseFileDisplayService">
		<property name="generateReverseFileDAOImpl">
			<ref bean="generateReverseFileDAOImpl" />
		</property>
	</bean>
	<bean id="generateReverseFileDetailsService" class="org.scfu.vf.service.GenerateReverseFileDetailsService" >
		<property name="generateReverseFileDAOImpl">
			<ref bean="generateReverseFileDAOImpl" />
		</property>
	</bean>
	<!-- Generate Reverse File ends -->

 <!--Search Query Starts -->
	<bean id="searchQueryyService" class="org.scfu.uatsearch.service.SearchQueryyService" >
		<property name="searchQueryDAO">
			<ref bean="searchQueryDAO" />
		</property>
	</bean>
<!--Search Query Starts -->

</beans>