<?xml version="1.0" encoding="ISO-8859-1" ?>
<!DOCTYPE tiles-definitions PUBLIC   "-//Apache Software Foundation//DTD Tiles Configuration 1.1//EN"
  "http://www.springframework.org/dtd/spring-beans.dtd">
  <tiles-definitions>	
	<definition name="reports" extends="mainLayout">
	<put name="bodyHeader" value="/WEB-INF/jsp/vf/reportsheader.jsp" />
		<put name="body" value="/WEB-INF/jsp/vf/imfileupload.jsp" />
	</definition>
	
	<definition name="reportsPrintLayout" path="/WEB-INF/jsp/common/reportprintpage.jsp"/>
	

	<definition name="errordfTransactionDetails" extends="reports">
		<put name="body" value="/WEB-INF/jsp/common/error.jsp" />
	</definition>
	
	<definition name="fileUpload" extends="mainLayout">
		<put name="bodyHeader" value="/WEB-INF/jsp/vf/imfileuploadheader.jsp" />
		<put name="body" value="/WEB-INF/jsp/vf/imfileupload.jsp" />
	</definition>
	<definition name="imuploadfileconfirm" extends="fileUpload">
		<put name="body" value="/WEB-INF/jsp/vf/imfileuploadconfirm.jsp" />
	</definition>
	<definition name="errorvendoruploadfileconfirm" extends="fileUpload">
		<put name="body" value="/WEB-INF/jsp/common/error.jsp" />
	</definition>
	<definition name="viewTransactionDetails" extends="fileUpload">
	<put name="bodyHeader" value="/WEB-INF/jsp/vf/viewfileuploadstatusheader.jsp" />
		<put name="body" value="/WEB-INF/jsp/vf/viewfileuploadstatus.jsp" />
			<putList name="hiliteItems">			
			<item value="bodyTab" link="2" />
		</putList>
	</definition>

	<definition name="xssUploadFileErrorPage" extends="fileUpload">
		<put name="body" value="/WEB-INF/jsp/common/error.jsp" />
	</definition>
	
	<definition name="viewFileDetails" extends="viewTransactionDetails">
			<put name="body" value="/WEB-INF/jsp/vf/viewfileuploadstatusdetail.jsp" />
	</definition>
	

<!-- File Authorisation  starts-->
	<definition name="authoriseFileDisplay" extends="mainLayout">
		<put name="bodyHeader" value="/WEB-INF/jsp/vf/authorisefiletxndisplayheader.jsp" />
		<put name="body" value="/WEB-INF/jsp/vf/authorisefiletxndisplay.jsp" />
	</definition>
<definition name="errorvffileauthoriseDetails" extends="authoriseFileDisplay">	
         <put name="body" value="/WEB-INF/jsp/common/error.jsp" />
	</definition>
	<definition name="viewauthorisefiledetails" extends="authoriseFileDisplay">
		<put name="body" value="/WEB-INF/jsp/vf/authorisefiletxndetails.jsp" />
	</definition>
	<definition name="confirmauthorisefiledetails" extends="authoriseFileDisplay">
		<put name="body" value="/WEB-INF/jsp/vf/confirmauthorisefiledetails.jsp" />
	</definition>
	<definition name="confirmrejectfiledetails" extends="authoriseFileDisplay">
		<put name="body" value="/WEB-INF/jsp/vf/confirmrejectfiledetails.jsp" />
	</definition>
	<definition name="authoriseErrorView" extends="authoriseFileDisplay">
		<put name="body" value="/WEB-INF/jsp/common/error.jsp" />
	</definition>
	<!-- File Authorisation  ends-->
	

 <!-- Reports Block  starts-->
	<definition name="selectvendorpage" extends="reports">
		<put name="body" value="/WEB-INF/jsp/vf/selectvendorpage.jsp" />
	</definition>
	
	<definition name="viewVendorDetails" extends="reports">
		<put name="body" value="/WEB-INF/jsp/vf/viewvendorreport.jsp" />
	</definition>
	
	<definition name="viewVendorInterestReport" extends="reports">
		<put name="body" value="/WEB-INF/jsp/vf/vendorinterestreport.jsp" />
	</definition>
	
	<definition name="viewVendorReverseReport" extends="reports">
		<put name="body" value="/WEB-INF/jsp/vf/vendorreversereport.jsp" />
	</definition>
	
	<definition name="viewVendorConsignmentReport" extends="reportsPrintLayout">
		<put name="body" value="/WEB-INF/jsp/vf/vendorconsignmentreport.jsp" />
	</definition>
	
	<definition name="vendorInterestReportPrint" extends="reportsPrintLayout">
		<put name="body" value="/WEB-INF/jsp/vf/vendorintrestreportprintprev.jsp" />
	</definition>
	
	<definition name="vendorReverseReportPrint" extends="reportsPrintLayout">
		<put name="body" value="/WEB-INF/jsp/vf/vendorreversereportprintprev.jsp" />
	</definition>
	
	<definition name="vendorOverdueReportPrint" extends="reportsPrintLayout">
		<put name="body" value="/WEB-INF/jsp/vf/vendoroverduereportprintprev.jsp" />
	</definition>
	
	<definition name="viewVendorLimitReport" extends="reports">
		<put name="body" value="/WEB-INF/jsp/vf/vendorlimitreport.jsp" />
	</definition>

    <definition name="viewVendorOverdueReport" extends="reports">
		<put name="body" value="/WEB-INF/jsp/vf/vendoroverduereport.jsp" />
	</definition>
	
	<definition name="vendorLimitReportPrint" extends="reportsPrintLayout">
		<put name="body" value="/WEB-INF/jsp/vf/vendorlimitreportprintprev.jsp" />
	</definition>

	<definition name="xssReportErrorPage" extends="reports">
		<put name="body" value="/WEB-INF/jsp/common/error.jsp" />
	</definition>
	<!--  Reports Block  ends-->

	<!-- Generate Reverse File starts -->
	<definition name="imgeneratereversefiledaterange" extends="mainLayout">
		<put name="bodyHeader" value="/WEB-INF/jsp/vf/imgeneratereversefileheader.jsp" />
		<put name="body" value="/WEB-INF/jsp/vf/imGenerateReverseFileDateRange.jsp" />
	</definition>
	<definition name="imgeneratereversefiledisplay" extends="imgeneratereversefiledaterange">
		<put name="body" value="/WEB-INF/jsp/vf/imgeneratereversefiledisplay.jsp" />
	</definition>
	<definition name="generateReverseFileError" extends="imgeneratereversefiledaterange">
		<put name="body" value="/WEB-INF/jsp/common/error.jsp" />
	</definition>
	
	<definition name="xssIMGenerateReverseFileErrorPage" extends="imgeneratereversefiledaterange">
		<put name="body" value="/WEB-INF/jsp/common/error.jsp" />
	</definition>
	<!-- Generate Reverse File ends -->


<!--mainLayout2 for page without side links -->
	<definition name="loginSubmitView" extends="mainLayout2">
		<put name="body" value="/WEB-INF/jsp/common/displayhome.jsp" />
	</definition>
	
	<definition name="addVFIMUser" extends="mainLayout">
	<put name="bodyHeader" value="/WEB-INF/jsp/vf/manageimheader.jsp" />
		<put name="body" value="/WEB-INF/jsp/vf/addvfimuser.jsp" />
	</definition>
	
<definition name="addIMUserConfirm" extends="addVFIMUser">
		<put name="body" value="/WEB-INF/jsp/vf/addvfimuserconfirm.jsp" />
	</definition>	
	<definition name="addIMUserFailure" extends="addVFIMUser">
		<put name="body" value="/WEB-INF/jsp/vf/addvfimuserfailure.jsp" />
	</definition>	
	
	<definition name="xssAddIMErrorPage" extends="addVFIMUser">
		<put name="body" value="/WEB-INF/jsp/common/error.jsp" />
	</definition>
	
	

	

</tiles-definitions>
 
 