{
  "uuid": "qa-test-user",
  "name": "Test User",
  "address": "1 Main St",
  "eligibleDiscounts": [
    {
      "discountId": "10-percent-off",
      "type": "PERCENT",
      "description": "Reduce the purchase price by 10%",
      "amount": 10,
      "productId": null
    },
    {
      "discountId": "5-dollars-off",
      "type": "AMOUNT",
      "description": "Reduce the purchase price by $5",
      "amount": 5,
      "productId": "sku-1234567890"
    }
  ],
  "products": [
    {
      "productId": "sku-1234567890",
      "description": "12 month subscription to 'Horse and Hound'",
      "originalPrice": 100,
      "finalPrice": 50,
      "discountInformation": {
        "discountId": "50-percent-off",
        "type": "PERCENT",
        "description": "Reduce the purchase price by 50%",
        "amount": 50,
        "productId": "sku-1234567890"
      }
    }
  ]
}